id,dim1,dim2,dim3
1,0.113863,0.167799,0.165981
2,0.113863,0.167799,0.165981
3,0.507087,0.540874,0.504917
