id,dim1,dim2,dim3
1,0.404216,0.450074,0.441054
2,0.404216,0.450074,0.441054
3,0.404216,0.450074,0.441054
