id,dim1,dim2,dim3
1,0.153445,0.204939,0.205016
2,0.153445,0.204939,0.205016
3,0.153445,0.204939,0.205016
