id,dim1,dim2,dim3
1,0.240825,0.330833,0.322374
2,0.240825,0.330833,0.322374
3,0.240825,0.330833,0.322374
