id,dim1,dim2,dim3
1,0.143901,0.217528,0.204061
2,0.143901,0.217528,0.204061
3,0.143901,0.217528,0.204061
