id,dim1,dim2,dim3
1,0.355042,0.482381,0.450442
2,0.0787569,0.0778186,0.0748642
3,0.0787569,0.0778186,0.0748642
