id,dim1,dim2,dim3
1,0.674144,0.680604,0.64866
2,0.0849603,0.101725,0.0932652
3,0.29338,0.382452,0.359789
